{"assets/.DS_Store":["assets/.DS_Store","assets/example/.DS_Store","assets/fonts/.DS_Store"],"assets/easy_daily_splash.png":["assets/easy_daily_splash.png"],"assets/example/.DS_Store":["assets/example/.DS_Store"],"assets/example/1.png":["assets/example/1.png"],"assets/example/10.png":["assets/example/10.png"],"assets/example/11.png":["assets/example/11.png"],"assets/example/12.png":["assets/example/12.png"],"assets/example/13.png":["assets/example/13.png"],"assets/example/14.png":["assets/example/14.png"],"assets/example/15.png":["assets/example/15.png"],"assets/example/2.png":["assets/example/2.png"],"assets/example/3.png":["assets/example/3.png"],"assets/example/4.png":["assets/example/4.png"],"assets/example/5.png":["assets/example/5.png"],"assets/example/6.png":["assets/example/6.png"],"assets/example/7.png":["assets/example/7.png"],"assets/example/8.png":["assets/example/8.png"],"assets/example/9.png":["assets/example/9.png"],"assets/fonts/Nanum_Myeongjo/NanumMyeongjo-Bold.ttf":["assets/fonts/Nanum_Myeongjo/NanumMyeongjo-Bold.ttf"],"assets/fonts/Nanum_Myeongjo/NanumMyeongjo-ExtraBold.ttf":["assets/fonts/Nanum_Myeongjo/NanumMyeongjo-ExtraBold.ttf"],"assets/fonts/Nanum_Myeongjo/NanumMyeongjo-Regular.ttf":["assets/fonts/Nanum_Myeongjo/NanumMyeongjo-Regular.ttf"],"packages/cupertino_icons/assets/CupertinoIcons.ttf":["packages/cupertino_icons/assets/CupertinoIcons.ttf"]}